Variant,WBA,ELISA
IgG1,1.167442118,38.67
HFST,0.693458933,43.13
I332E,0.946304293,45.73
LALA,0.649866818,44.25
MLNS,1.06771605,49.9
N297Q,0.898760425,55.61
SDIE,1.202445755,50.35
SDIEAL,1.11606238,48.04
YTE,0.940506385,41.27
IgG2,0.622542595,50.19
IgG3 RH,0.989534985,49.22
IgG4,0.62506764,42.22
SEHFST LS,0.619019478,46.02
YTE LS,,49.3
SAEAKA,0.642994478,46.69
E380A,0.909845465,45.54